School,1Q scoring,2Q scoring,3Q scoring,4Q scoring,EX scoring,Total scoring,MIN,M(2P),A(2P),%(2P),M(3P),A(3P),%(3P),FG%,M(FT),A(FT),&(FT),DK,S(FB),F(FB),OR(rebounds),DR(rebounds),TOT(rebounds),AS,ST,GD,BS,W(PF),WO(PF),TOT(PF),FD,TO,TF,WIN
Y,29,23,29,9,0,90,200,24,49,49,7,27,26,41,21,26,81,0,10,5,16,23,39,15,13,2,2,12,8,20,24,9,0,1
K,18,15,24,25,0,82,200,21,37,57,7,27,26,44,19,22,86,0,6,2,10,24,34,11,7,0,1,14,10,24,20,18,0,0
,24,19,22,19,0,84,200,25,44,57,8,24,33,49,10,18,56,1,7,3,8,29,37,14,16,3,0,8,10,18,21,13,0,1
,21,11,15,11,0,58,200,16,32,50,5,33,15,32,11,16,69,0,6,3,15,27,42,14,6,2,4,10,11,21,18,20,0,0
,18,21,17,23,0,79,200,28,61,46,3,11,27,43,14,23,61,0,5,2,13,33,46,13,7,1,2,16,5,21,18,13,0,1
,21,17,16,20,0,74,200,27,56,48,2,17,12,40,14,28,50,3,6,3,14,27,41,15,3,1,4,13,5,18,21,9,0,0
Y,32,21,31,18,0,102,200,28,49,57,11,24,46,53,13,14,93,0,9,3,13,28,41,23,13,1,5,7,11,18,15,19,0,1
,17,20,12,25,0,74,200,20,45,44,8,24,33,41,10,14,71,0,8,4,11,18,29,13,12,3,0,8,7,15,18,18,0,0
,12,13,21,22,0,68,200,14,39,36,10,32,31,34,10,18,56,0,5,1,17,23,40,16,13,0,0,9,9,18,16,12,0,1
,11,8,21,16,0,56,200,20,42,48,2,16,13,38,10,18,56,0,2,4,11,25,36,10,7,1,7,10,6,16,18,16,0,0
K,29,14,32,28,0,103,200,36,60,60,7,25,28,51,10,15,67,2,15,2,20,32,52,24,12,1,5,5,8,13,12,12,0,1
,15,16,13,22,0,66,200,17,41,41,8,31,26,35,8,9,89,0,6,0,11,21,32,15,8,0,6,10,2,12,13,16,0,0
,20,23,20,20,0,83,200,22,34,65,8,28,29,48,15,17,88,0,8,1,9,27,36,23,8,1,2,8,10,18,16,13,0,1
,22,18,13,23,0,76,200,19,42,45,9,25,36,42,11,16,69,0,5,1,12,19,31,23,8,1,0,9,7,16,18,11,0,0
,28,26,17,20,0,91,200,28,50,56,9,20,45,53,8,12,67,0,9,4,8,19,27,24,19,1,5,9,12,21,11,12,0,1
,15,27,22,15,0,79,200,22,53,42,7,21,33,39,14,18,78,1,7,7,22,22,44,18,9,1,3,6,5,11,21,23,0,0
,13,18,22,16,0,69,200,14,34,41,11,27,41,41,8,22,36,0,5,0,4,26,30,15,6,0,5,9,6,15,21,14,0,0
,25,27,16,17,0,85,200,23,53,43,9,19,47,44,12,17,71,0,9,1,11,31,42,22,10,0,6,11,10,21,15,12,0,1
,13,10,20,22,0,65,200,17,35,49,9,32,28,39,4,7,57,0,4,1,8,18,26,13,9,1,0,5,12,17,12,19,0,0
,20,22,16,18,0,76,200,35,62,56,0,14,0,46,6,9,67,0,12,4,16,27,43,18,12,1,2,4,8,12,178,17,0,1
,23,19,18,16,0,76,200,21,35,60,8,32,25,43,10,12,83,0,6,3,8,21,29,12,11,1,2,4,9,13,17,7,0,0
K,15,18,23,23,0,79,200,25,42,60,8,27,30,48,5,6,83,1,6,0,11,26,37,23,5,0,2,7,10,17,13,13,1,1
,8,13,18,14,0,53,200,17,34,50,4,29,14,33,7,12,58,0,7,1,9,20,29,13,9,0,4,11,9,20,10,12,0,0
,21,13,17,28,0,79,200,24,40,60,6,20,30,50,13,20,65,0,2,0,11,30,41,11,6,1,4,6,4,10,20,13,0,1
,20,21,18,6,0,65,200,16,42,38,7,26,27,34,12,15,80,0,5,2,13,20,33,14,11,0,5,8,9,17,15,14,1,0
Y,18,26,22,19,0,85,200,25,62,40,8,22,36,39,11,14,79,0,9,3,25,30,55,14,9,3,3,8,7,15,17,12,0,1
Y,18,13,25,21,0,77,200,20,40,50,6,29,21,38,19,26,73,0,7,1,18,20,38,13,9,2,2,16,11,27,23,15,1,0
,28,13,16,23,0,80,200,22,46,48,4,16,25,42,24,29,83,0,6,3,10,24,34,16,9,2,0,14,9,23,27,16,0,1
,27,10,20,23,0,80,200,23,48,48,8,30,27,40,10,11,91,0,7,3,10,22,32,19,11,2,4,7,7,14,18,14,0,0
,19,27,31,23,0,100,200,26,50,52,13,33,39,47,9,13,69,0,8,3,17,34,51,25,9,0,4,6,12,18,14,16,0,1
,14,22,18,21,0,75,200,26,49,53,4,22,18,42,11,11,100,0,12,2,6,26,32,18,12,0,6,11,11,22,15,20,0,0
,18,22,20,24,0,84,200,29,59,49,4,18,22,43,14,21,67,0,9,2,15,30,45,21,13,3,2,5,10,15,22,19,0,1
,13,10,15,20,0,58,200,14,40,35,7,30,23,30,9,10,90,0,6,6,9,21,30,7,9,0,1,7,9,16,16,13,0,0
K,14,15,23,13,0,65,200,18,39,46,7,25,28,39,8,11,73,0,3,1,13,30,43,21,9,1,4,6,10,16,16,14,0,1
,10,23,19,21,0,73,200,19,48,40,7,18,39,39,14,20,70,0,4,3,9,20,29,11,9,0,1,10,5,15,18,12,0,0
,23,16,21,23,0,83,200,24,44,55,8,28,29,44,11,18,61,2,11,4,20,25,45,18,10,0,6,10,8,18,15,15,0,1
,19,22,21,19,0,81,200,20,49,41,9,29,31,37,14,19,74,0,4,2,13,24,37,15,4,1,0,10,4,14,19,7,0,1
,24,19,17,17,0,77,200,25,48,52,6,24,25,43,9,20,45,0,11,6,13,30,43,20,7,0,6,10,9,19,14,10,0,0
K,21,16,20,21,0,78,200,23,45,51,6,17,35,47,14,21,67,1,4,3,15,19,34,17,8,1,6,5,10,15,21,16,0,0
,24,16,22,21,0,83,200,18,39,46,15,31,42,44,8,10,80,0,5,0,10,17,27,18,12,0,3,12,9,21,15,10,0,1
,12,23,17,22,0,74,200,25,45,56,6,21,29,47,6,12,50,1,6,0,8,27,35,15,8,1,3,7,9,16,18,7,0,1
,7,17,20,17,0,61,200,13,38,34,9,25,36,35,8,13,62,0,3,3,8,24,32,12,4,0,3,7,11,18,16,11,0,0
Y,21,21,17,14,0,73,200,23,44,52,6,25,24,42,9,15,60,0,5,3,20,26,46,18,4,2,4,11,9,20,19,13,0,1
,19,12,18,16,0,65,200,22,46,48,4,21,19,39,9,19,47,2,4,4,18,17,35,17,11,0,2,9,10,19,20,10,0,0
,22,17,25,10,0,74,200,22,49,45,6,27,22,37,12,16,75,0,7,2,21,26,47,16,12,1,3,11,10,21,18,14,0,0
,15,22,23,15,0,75,200,24,48,50,4,13,31,46,15,16,94,0,6,1,5,23,28,15,8,4,2,9,9,18,21,16,0,1
,22,16,15,31,0,84,200,28,50,56,6,26,23,45,10,16,63,0,9,1,15,26,41,21,9,0,7,11,10,21,15,12,0,1
,21,23,16,17,0,77,200,25,48,52,4,28,14,38,15,20,75,0,2,2,16,23,39,13,9,1,3,10,5,15,21,11,0,0
,12,26,24,22,0,84,200,28,46,61,6,24,25,48,10,15,67,0,7,3,9,26,35,14,9,0,3,13,6,19,16,16,1,0
,28,19,22,19,0,88,200,21,36,58,9,27,33,48,19,25,76,0,4,2,5,20,25,16,6,1,1,9,7,16,19,14,0,1
,12,12,12,25,0,61,200,13,30,43,9,30,30,37,8,10,80,0,3,3,3,22,25,11,4,1,1,4,10,14,14,11,0,0
Y,17,16,22,26,0,81,200,30,59,51,6,23,26,44,3,7,43,0,10,5,24,31,55,20,9,0,2,5,9,14,14,12,0,1
,16,16,25,27,0,84,200,23,52,44,8,21,38,42,14,19,74,0,8,3,12,27,39,23,9,2,2,6,6,12,20,13,0,1
,24,25,25,9,0,83,200,18,38,47,13,32,41,44,8,12,67,0,6,0,10,30,40,22,7,0,6,11,9,20,12,17,0,0
,17,24,12,14,0,67,200,17,32,53,9,27,33,44,6,13,46,0,4,1,8,18,26,10,7,0,1,9,10,19,18,11,0,0
,19,20,16,22,0,77,200,25,47,53,5,19,26,45,12,18,67,0,3,1,16,24,40,15,8,0,6,7,11,18,19,12,0,1
,31,23,23,19,0,96,200,31,64,48,6,18,33,45,16,19,84,1,8,4,18,28,46,12,8,0,2,14,6,20,18,13,0,1
,17,21,21,16,0,75,200,23,51,45,5,17,29,41,14,24,58,0,4,1,9,21,30,10,7,1,5,11,7,18,20,15,0,0
,19,16,22,31,0,88,200,14,33,42,16,33,48,45,12,13,92,0,6,4,3,19,22,25,9,0,2,8,8,16,15,11,0,0
K,13,23,30,28,0,94,200,30,44,68,7,33,21,48,13,15,87,0,3,2,17,34,51,27,9,0,1,7,8,15,16,16,0,1
,21,17,22,19,0,79,200,26,47,55,4,19,21,45,15,22,68,0,12,0,9,15,24,16,14,0,7,5,10,15,17,15,0,0
,28,24,11,24,0,87,200,30,48,63,7,15,47,59,6,9,67,0,5,1,8,24,32,23,7,1,4,12,5,17,15,22,0,1
,16,23,21,21,0,81,200,24,45,53,4,19,21,44,24,24,88,0,5,0,16,25,41,16,4,1,2,10,6,16,21,20,0,0
,24,19,28,28,0,99,200,32,46,70,8,28,29,54,11,17,65,0,10,0,9,19,28,25,12,0,0,13,8,21,16,9,0,1
Y,19,13,22,21,0,75,200,25,56,45,6,21,29,40,7,10,70,0,3,6,18,30,48,16,6,1,2,5,11,16,15, 7.00 ,0,1
,18,12,14,16,0,60,200,22,49,45,3,26,12,33,7,9,78,0,7,2,15,23,38,14,4,0,1,5,10,15,16,11,0,0
,14,15,22,23,0,74,200,21,47,45,7,26,27,38,11,11,100,0,2,2,24,24,48,10,3,1,4,11,8,19,18,11,0,1
,20,13,15,16,0,64,200,19,38,50,5,17,29,44,11,19,58,0,1,0,11,15,26,12,4,2,4,6,12,18,19,9,0,0
,27,22,21,27,0,97,200,25,49,51,10,26,38,47,17,27,81,0,7,3,11,27,38,22,10,0,4,13,10,23,17,10,0,1
,22,25,17,25,0,89,200,18,35,51,11,37,30,40,20,26,77,0,4,3,13,27,40,17,5,3,2,11,6,17,23,13,0,0
K,22,25,19,20,0,86,200,25,45,56,7,17,41,52,15,25,60,0,5,0,7,27,34,21,7,0,1,7,12,19,25,11,0,1
,22,12,21,23,0,78,200,17,30,57,12,37,32,43,8,12,67,0,6,1,9,23,32,15,5,1,4,13,12,25,19,9,0,0
,17,11,25,29,0,82,200,24,47,51,7,29,24,41,13,18,72,0,14,2,12,28,40,18,13,2,3,9,8,17,21,13,0,0
,15,17,15,18,0,65,200,16,44,36,7,25,28,33,12,16,75,0,4,2,10,34,44,10,6,2,1,12,9,21,17,20,0,1
,17,25,12,24,0,78,200,18,48,38,9,19,47,40,15,17,88,0,4,5,7,15,22,16,8,2,1,12,9,21,20,11,0,0
Y,29,28,14,22,0,93,200,34,53,64,4,13,31,58,13,19,68,0,10,1,13,25,38,22,7,0,7,9,11,20,21,13,1,1
,14,24,9,19,0,66,200,23,41,56,6,27,22,43,2,2,100,1,9,4,15,28,43,18,11,0,7,3,12,15,9,13,0,1
,7,13,14,19,0,53,200,16,41,39,6,29,21,31,3,6,50,0,5,1,13,21,34,12,9,1,3,1,8,9,15,13,0,0
K,26,17,21,28,0,92,200,31,48,65,8,16,50,61,6,11,55,1,3,0,10,26,36,30,10,1,2,10,9,19,10,13,0,1
,17,12,17,23,0,69,200,19,36,53,5,24,21,40,16,19,84,0,6,2,12,13,25,15,8,2,1,6,4,10,19,16,0,0
,25,24,32,22,0,103,200,30,57,53,11,33,33,46,10,14,71,1,14,5,19,43,62,24,11,1,6,7,9,16,17,7,0,1
,9,22,9,23,0,63,200,18,53,34,6,37,16,27,9,11,82,0,2,4,19,31,50,11,5,1,4,8,9,17,16,14,0,0
,17,23,26,14,0,80,200,20,48,42,7,18,39,41,19,24,79,0,7,1,9,17,26,16,9,2,0,7,8,15,19,7,0,0
,20,25,21,26,0,92,200,26,48,54,10,20,50,53,10,12,83,0,4,1,11,29,40,16,5,0,2,13,6,19,15,13,0,1
,16,23,18,19,0,76,200,17,38,45,10,22,45,45,12,15,80,0,7,3,10,27,37,14,9,1,6,7,10,17,20,20,0,0
,16,19,17,25,0,77,200,26,56,46,6,17,35,44,7,12,54,1,6,2,11,22,33,17,13,0,0,8,12,20,17,15,0,1
,19,22,24,20,13,98,225,32,57,56,6,24,25,47,16,18,89,0,5,3,18,23,41,19,11,1,1,9,9,18,24,7,1,1
,27,17,23,18,7,92,225,20,39,51,13,25,52,52,13,17,76,0,6,0,8,22,30,21,3,2,0,10,14,24,18,16,1,0
,21,21,23,17,0,82,200,27,47,57,5,16,31,51,13,18,72,0,6,2,9,28,37,22,5,0,1,8,8,16,17,14,0,1
,20,20,22,17,0,79,200,19,40,48,10,35,29,39,11,15,73,0,6,2,11,22,33,21,7,0,2,10,7,17,16,8,0,1
,19,19,19,17,0,74,200,20,37,54,7,27,26,42,13,28,46,0,1,0,9,19,28,15,4,1,0,14,9,23,21,10,0,0
Y,33,26,21,23,0,103,200,32,47,68,8,27,30,54,15,26,58,0,7,2,14,32,46,22,5,1,8,15,6,21,23,8,0,1
,16,26,12,25,0,79,200,21,40,53,10,21,48,51,7,8,88,0,2,1,11,24,35,16,5,1,2,8,10,18,15,17,0,0
,19,17,15,13,0,64,200,21,45,47,4,17,24,40,10,14,71,1,3,2,10,14,24,11,11,1,3,5,10,15,18,13,0,1
,12,17,23,23,0,75,200,18,32,53,11,38,29,40,8,11,73,0,3,4,10,26,36,18,8,0,1,13,11,24,14,16,0,0
,26,21,15,21,0,83,200,26,53,49,3,14,21,43,22,25,88,0,6,2,8,26,34,11,11,0,1,6,8,14,24,12,1,1
,24,17,17,22,0,80,200,24,46,52,7,18,39,48,11,14,79,0,7,4,7,19,26,17,8,0,4,10,6,16,19,8,0,0
K,22,18,17,25,0,82,200,24,47,51,7,28,25,41,13,19,68,1,3,2,22,20,42,18,5,0,2,7,12,19,16,10,0,1
,20,20,19,22,12,93,225,24,49,49,10,21,48,49,15,20,85,0,4,1,14,22,36,23,8,1,2,14,7,21,23,16,0,1
,14,23,28,16,8,89,225,31,53,58,2,19,11,46,21,25,84,0,4,3,11,21,32,21,9,1,2,11,12,23,21,14,0,0
,20,71,16,12,0,65,200,26,51,51,3,13,23,45,4,7,57,0,5,2,8,19,27,16,4,3,3,8,11,19,15,14,0,0
,26,24,15,14,0,79,200,19,44,43,10,21,48,45,11,16,69,0,6,3,15,21,36,17,8,1,4,4,11,15,19,11,0,1
,16,18,22,19,0,75,200,21,43,49,8,30,27,40,9,16,56,0,3,3,19,21,40,17,8,1,1,13,11,24,21,11,0,0
,17,19,25,17,0,78,200,17,35,49,9,26,35,43,17,27,63,0,4,1,14,26,40,14,7,2,3,10,11,21,24,9,0,1
,25,18,22,18,0,83,200,27,54,50,6,22,27,43,11,15,73,0,5,3,19,23,42,19,11,0,7,9,13,22,18,10,0,1
,18,16,17,17,0,68,200,26,55,47,1,14,7,39,13,18,72,0,6,2,16,20,36,12,5,3,2,8,10,18,22,13,0,0
K,20,29,22,28,0,99,200,35,60,58,7,24,29,50,8,14,57,0,1,2,20,36,56,19,6,1,6,12,9,21,19,15,0,1
,18,19,15,19,0,71,200,14,29,48,9,41,22,33,16,23,70,0,7,4,10,18,28,16,7,0,0,9,10,19,21,12,1,0
Y,26,23,20,30,0,99,200,29,48,60,10,33,30,48,11,15,73,0,6,2,22,23,45,26,9,0,6,9,7,16,16,8,0,1
,24,13,13,21,0,71,200,18,33,55,10,28,36,46,5,15,33,0,2,3,8,19,27,16,4,0,1,10,6,16,16,15,0,0
,28,20,20,21,0,89,200,29,49,59,5,28,18,44,16,26,62,0,8,0,18,29,47,22,10,1,5,12,10,22,26,12,0,1
,4,18,18,31,0,71,200,21,45,47,4,24,17,36,17,23,74,0,4,6,12,25,37,12,7,1,3,15,11,26,22,14,0,0
,18,22,37,28,0,105,200,37,64,58,5,19,26,51,16,17,94,0,8,5,12,25,37,22,8,0,2,10,10,20,20,11,0,1
,19,32,13,27,0,91,200,26,41,63,9,28,32,51,12,17,71,0,8,2,8,24,32,20,5,2,1,12,8,20,20,13,0,0
,15,14,11,19,0,59,200,15,43,35,9,34,26,31,2,4,50,0,4,5,17,21,38,15,8,1,2,9,10,19,10,16,0,0
K,12,19,26,15,0,72,200,25,48,52,4,14,29,47,10,17,59,5,10,1,6,31,37,20,12,0,5,2,8,10,19,16,0,1
,21,9,20,27,0,77,200,21,46,46,9,27,33,41,8,17,47,0,4,3,17,26,43,7,7,1,1,10,9,19,22,8,0,1
,15,22,20,11,0,68,200,16,38,42,7,33,21,32,15,20,75,1,6,1,18,31,49,11,5,1,4,10,12,22,19,13,0,0
,24,15,15,28,0,82,200,26,51,51,6,25,24,42,12,14,86,0,6,4,18,13,31,15,9,0,4,8,10,18,15,9,0,1
,19,21,24,16,0,80,200,21,33,64,9,24,38,53,11,14,79,0,4,1,7,21,28,17,5,1,3,8,7,15,18,14,0,0
Y,27,21,19,18,0,85,200,27,51,53,4,23,17,42,19,31,64,0,9,1,22,28,50,21,9,0,6,12,11,23,24,7,0,1
,14,17,14,22,0,67,200,22,53,42,3,17,18,36,14,23,61,1,3,3,18,22,40,15,2,3,2,17,7,24,23,11,0,0
,15,26,29,32,0,102,200,25,55,45,13,31,42,44,13,19,68,0,5,3,15,35,50,27,5,0,2,10,8,18,16,11,0,1
,13,15,24,33,0,85,200,22,39,56,9,40,23,39,14,19,74,0,7,6,13,28,41,25,9,0,2,9,7,16,18,10,0,0
,21,13,43,26,0,103,200,38,57,67,5,19,26,57,12,18,67,0,17,4,6,34,40,37,16,0,7,14,11,25,18,7,0,1
,7,11,13,24,0,55,200,16,49,33,3,22,14,27,14,25,56,0,3,2,14,23,34,4,2,2,1,10,8,18,25,18,0,0
,18,22,26,23,0,89,200,21,39,54,10,28,36,46,17,24,71,0,6,3,10,26,36,18,8,2,5,11,4,15,23,6,1,1
,19,20,21,18,0,76,200,23,47,49,7,23,30,43,11,16,69,0,4,2,13,23,36,20,2,0,2,12,11,23,15,11,0,0
,29,17,26,15,0,87,200,22,56,39,8,19,42,40,19,28,68,1,6,5,17,21,38,21,13,1,5,10,11,21,26,15,0,1
,11,20,21,30,0,82,200,20,41,49,9,23,39,45,15,20,75,0,4,2,8,21,29,16,6,2,4,13,13,26,21,20,0,0
,20,15,19,28,0,82,200,26,49,53,7,25,28,45,9,14,64,0,6,2,10,18,28,16,11,2,1,11,9,20,17,9,0,0
,25,20,28,20,0,93,200,30,50,60,7,23,30,51,12,20,60,0,10,3,20,27,47,22,5,0,2,8,9,17,20,18,0,1
,16,23,17,11,17,84,225,24,42,57,8,20,40,52,12,19,63,0,5,2,11,24,35,14,18,1,0,7,8,15,19,19,0,1
,19,9,18,24,3,70,225,15,60,50,10,30,33,42,10,13,77,0,3,3,6,19,25,16,12,1,4,10,9,19,15,23,0,0
,12,23,21,18,0,74,200,19,42,45,5,27,19,35,21,27,78,0,3,2,15,21,36,12,11,0,1,10,11,21,24,11,0,0
,22,11,27,23,0,83,200,23,43,53,7,31,23,41,16,19,84,3,6,1,19,24,43,19,3,0,6,14,10,24,21,16,0,1
,18,19,22,18,0,77,200,30,54,56,3,16,19,47,8,11,73,0,6,1,13,28,41,15,10,1,4,4,12,16,17,13,0,1
,22,16,25,11,0,74,200,15,35,43,13,30,43,43,5,7,71,0,5,4,5,20,25,22,8,2,0,6,11,17,16,14,0,0
Y,25,27,30,32,0,114,200,40,59,68,6,21,29,58,16,19,84,0,11,16,33,49,23,8,2,3,10,8,18,19,5,0,0,1
,8,15,11,8,0,42,200,12,37,32,2,19,11,25,12,20,60,0,4,1,9,14,21,6,3,0,0,10,9,19,18,19,0,0
,20,19,27,9,0,75,200,20,40,50,9,29,31,42,8,15,53,0,7,3,7,23,30,21,11,1,1,4,7,11,19,8,0,1
K,19,7,22,21,0,69,200,23,48,48,6,16,38,45,5,6,83,0,4,2,10,29,39,20,4,0,2,9,10,19,11,19,1,0
,15,14,22,25,0,76,200,21,28,75,7,27,26,51,13,20,65,0,3,1,11,16,27,21,11,2,0,4,10,14,22,11,0,1
,13,15,21,15,0,64,200,12,24,50,11,34,32,40,7,9,78,0,2,0,16,21,37,13,6,0,1,12,10,22,14,19,0,0
,20,26,17,24,0,87,200,31,54,59,6,15,40,54,7,13,54,1,6,3,17,21,38,19,8,1,5,8,9,17,15,20,0,1
,15,16,24,14,0,69,200,26,47,55,4,18,22,46,5,13,38,0,9,2,11,17,28,13,12,0,0,7,8,15,17,18,0,0
,12,24,10,25,0,71,200,20,47,43,9,22,41,42,4,7,57,0,4,3,11,17,28,11,3,1,2,10,9,19,13,15,0,0
Y,31,26,27,24,0,108,200,35,62,56,8,24,33,50,14,17,82,0,5,3,19,27,46,25,10,1,4,4,9,13,19,8,0,1
K,24,18,26,19,0,84,200,25,50,50,8,23,35,45,10,15,67,0,5,2,12,27,39,20,9,1,4,9,2,11,18,13,0,1
,17,23,21,17,0,78,200,20,42,48,8,24,33,42,14,17,82,0,9,2,6,25,31,25,9,1,1,8,10,18,11,14,0,0
,21,13,14,18,0,66,200,12,31,39,11,32,34,37,9,13,69,0,4,1,9,21,30,20,6,3,0,13,8,21,17,13,0,0
,22,21,21,24,0,88,200,22,35,63,10,24,42,54,14,21,69,0,4,2,11,29,40,21,9,1,0,7,10,17,21,14,0,1
,18,17,15,21,0,71,200,20,47,43,8,19,42,42,7,12,58,0,5,0,5,22,27,14,7,1,3,12,7,19,20,8,0,1
,16,23,12,19,0,70,200,19,45,42,4,14,29,39,20,22,91,0,4,4,9,32,41,17,5,0,2,7,13,20,19,16,0,0
,18,20,17,22,0,77,200,21,42,50,5,23,22,40,20,26,77,0,4,2,18,16,36,15,4,3,4,14,6,20,26,20,0,0
,26,26,21,23,0,96,200,27,52,52,7,23,30,45,21,25,84,0,10,6,20,21,41,19,15,0,6,14,12,26,20,14,0,1
,12,10,18,25,0,65,200,16,45,36,5,18,28,33,18,24,75,0,1,1,13,18,31,10,7,1,3,16,6,22,23,18,0,0
,21,21,22,16,0,80,200,26,50,52,5,11,45,51,13,30,43,2,2,0,12,27,39,20,12,1,4,13,10,23,22,17,0,1
,24,14,18,25,0,81,200,24,42,57,10,26,38,50,3,5,60,0,5,1,10,14,24,16,3,0,2,6,6,12,17,8,0,0
,32,14,23,22,0,91,200,34,53,64,6,19,32,56,5,10,50,4,4,2,17,51,38,16,2,0,0,4,13,17,12,7,0,1
,13,16,17,23,0,69,200,16,37,43,9,33,27,36,10,13,77,0,2,3,16,23,39,18,3,2,1,10,5,15,16,10,0,0
,14,20,27,18,0,79,200,25,50,50,5,15,33,46,14,21,67,0,5,4,8,28,36,16,7,1,3,7,9,16,15,8,0,1
,18,13,22,27,0,80,200,20,44,45,10,31,32,40,10,14,71,0,6,2,5,23,28,16,10,1,3,12,7,19,12,9,0,0
K,20,23,19,22,0,84,200,28,53,53,3,15,20,46,19,22,86,1,7,0,9,36,45,18,6,0,3,8,4,12,19,18,0,1
Y,14,12,20,28,0,74,200,23,46,50,6,26,23,40,10,16,63,0,5,3,13,27,40,14,6,0,6,17,10,27,20,15,0,0
,16,28,15,21,0,80,200,18,41,44,8,23,35,41,20,34,59,0,5,0,13,32,45,13,10,1,2,10,10,20,27,14,0,1
,28,27,23,16,0,94,200,31,56,55,7,31,23,44,11,15,73,1,11,5,23,28,51,27,17,2,3,8,10,18,15,16,2,1
,15,17,14,30,0,76,200,20,37,54,9,28,32,45,9,13,69,0,11,5,7,23,30,23,3,2,1,8,7,15,18,22,0,0
,21,14,12,17,0,64,200,23,47,49,5,23,22,40,3,6,50,0,2,3,15,18,33,17,4,1,2,9,13,22,14,15,0,0
,20,17,19,21,0,77,200,27,41,66,4,23,17,48,11,17,65,0,12,3,11,22,33,27,9,1,4,4,10,14,22,11,0,1
K,15,16,22,12,0,65,200,26,52,50,1,18,6,39,10,12,83,0,4,1,21,27,48,14,5,1,3,3,7,10,16,12,0,1
,23,10,22,8,0,63,200,16,30,53,9,40,23,36,4,5,80,0,1,2,13,17,30,14,5,0,1,7,9,16,10,10,0,0
,24,25,20,26,0,95,200,19,32,59,12,31,39,49,21,26,81,0,4,3,10,19,29,18,7,1,5,9,4,13,21,12,0,1
,26,20,12,29,0,87,200,28,46,61,6,22,27,50,13,18,72,0,6,4,9,21,30,17,10,1,2,14,7,21,13,14,0,0
Y,25,24,23,15,0,87,200,35,53,66,3,20,15,52,8,12,67,0,8,3,18,30,48,17,5,0,5,9,8,17,15,10,0,1
,20,11,16,14,0,61,200,17,43,40,5,23,19,32,12,17,71,0,1,2,14,17,31,12,3,1,1,7,8,15,17,8,0,0
,28,20,16,17,0,81,200,21,43,49,8,15,53,50,15,19,79,3,4,5,14,24,38,20,15,1,1,6,8,14,16,18,0,1
,20,21,13,14,0,68,200,19,40,48,7,16,44,46,9,10,90,0,5,1,4,14,18,17,12,1,1,10,6,16,14,19,0,0
K,33,13,28,17,0,91,200,33,52,63,6,19,32,55,7,9,78,2,5,4,12,32,44,22,8,1,8,9,9,18,15,12,0,1
,16,16,10,16,0,58,200,13,36,36,6,36,17,26,14,18,78,0,8,2,15,19,34,13,7,1,2,6,9,15,18,10,0,0
,21,28,20,14,0,83,200,26,50,52,4,25,16,40,19,24,79,0,9,4,18,26,44,24,12,1,7,3,6,9,22,13,0,1
,19,21,14,19,0,73,200,19,45,42,11,25,44,43,2,5,40,0,6,4,12,25,37,25,6,0,1,14,8,22,9,18,0,0
Y,14,14,20,25,0,73,200,21,50,42,6,20,30,39,13,20,65,0,5,4,18,26,44,15,6,0,3,11,7,18,20,13,0,1
,12,15,28,13,0,68,200,16,42,38,8,21,38,38,12,22,55,2,5,3,12,22,34,17,9,0,8,11,9,20,18,11,0,0
,25,18,23,16,0,82,200,21,46,46,10,29,34,41,10,12,83,0,10,5,8,24,32,23,12,1,4,6,11,17,12,6,0,1
K,12,22,22,17,0,73,200,25,46,54,6,17,35,49,5,11,45,0,4,1,8,34,42,19,4,0,5,8,4,12,17,18,0,0
Y,23,20,19,16,0,78,200,25,49,51,7,24,29,44,7,15,49,0,7,2,20,28,48,12,7,1,2,10,10,20,17,13,1,1
,17,17,15,19,0,68,200,24,46,52,3,27,11,37,11,19,58,0,7,3,18,22,40,12,6,1,2,9,8,17,20,11,1,0
,19,18,25,16,0,78,200,20,42,48,10,45,22,34,8,15,53,0,7,6,21,18,39,21,7,0,1,7,8,15,15,7,0,0
,22,19,25,22,0,88,200,29,53,55,7,22,32,48,9,11,82,0,7,2,16,33,49,23,6,0,3,7,8,15,15,14,0,1
K,16,25,35,15,0,91,200,28,47,60,7,26,27,48,14,19,74,1,8,4,14,26,40,24,12,1,5,3,8,11,20,9,0,1
,12,12,13,18,0,55,200,22,44,50,3,19,16,40,2,6,33,0,9,3,11,22,33,16,6,0,4,11,9,20,11,17,0,0
,23,17,14,10,0,64,200,18,30,60,5,23,22,43,13,21,62,0,7,2,3,19,22,16,8,1,0,7,12,19,20,16,0,0
,18,18,22,28,0,86,200,29,50,58,6,23,26,48,10,14,71,0,7,1,15,29,44,25,8,2,3,11,9,20,19,14,0,1
Y,13,20,22,21,0,76,200,18,34,53,11,28,39,47,7,10,70,0,10,2,12,25,37,19,6,1,8,11,9,20,14,18,0,1
,17,15,15,22,0,69,200,21,46,46,5,25,20,37,12,19,63,0,7,3,21,17,38,21,12,2,4,5,9,14,20,13,0,0
,23,25,23,22,0,93,200,28,46,61,7,25,28,49,16,20,80,1,5,2,12,29,41,29,7,1,3,10,7,17,17,12,0,1
,14,13,21,29,0,77,200,26,42,62,4,25,16,45,13,18,72,0,7,3,8,24,32,12,6,1,2,11,6,17,17,13,0,0
,29,21,34,15,0,99,200,31,55,56,6,26,23,46,19,23,83,0,16,0,10,26,36,28,15,2,0,13,4,17,18,11,0,1
,20,21,31,14,0,86,200,28,40,70,4,34,12,43,18,20,90,0,7,11,16,33,49,2,7,0,1,12,6,18,17,25,0,0
,10,19,15,21,0,65,200,13,40,33,9,32,28,31,12,17,71,0,2,7,12,13,25,25,11,3,1,14,10,24,19,15,1,0
K,15,23,30,19,0,87,200,23,38,61,8,17,47,56,17,28,61,0,5,0,13,34,47,22,11,0,3,8,11,19,24,26,0,1
,19,10,23,18,0,70,200,27,48,56,2,13,15,48,10,13,77,0,2,6,11,28,39,21,12,1,5,9,9,18,18,18,0,1
,11,18,21,9,0,59,200,13,27,48,7,28,25,36,12,19,63,0,5,4,5,17,22,16,8,2,3,9,9,18,18,16,0,0
,26,12,23,10,0,71,200,26,51,51,3,16,19,43,10,16,63,1,14,5,17,28,45,21,11,1,5,7,12,19,13,20,0,0
,19,20,21,21,0,81,200,15,35,43,15,37,41,42,6,12,50,0,5,1,14,19,33,18,10,4,1,8,5,13,19,14,0,1
,15,20,31,15,0,81,200,28,48,58,6,19,32,51,7,9,78,0,7,3,10,25,35,22,10,0,2,11,8,19,12,12,0,1
,13,11,13,21,0,58,200,20,44,45,3,18,17,37,9,22,41,0,1,3,16,19,35,14,7,0,2,5,7,12,19,13,0,0
K,25,33,23,18,0,99,200,35,46,76,7,26,27,58,8,12,67,3,5,2,16,28,44,24,3,0,3,10,8,18,12,13,0,1
,18,10,22,31,0,81,200,16,30,53,12,26,46,50,16,19,68,0,6,2,2,12,14,26,7,1,0,9,3,12,18,8,0,0
,18,19,28,13,0,78,200,23,43,53,9,26,27,43,11,17,65,0,7,2,15,25,40,19,7,3,1,7,12,19,22,18,0,0
,18,17,14,32,0,81,200,17,37,46,13,30,43,45,8,13,62,0,4,3,10,17,27,26,6,3,2,8,14,22,19,14,0,1
Y,26,17,24,13,0,80,200,30,48,63,5,21,24,51,5,8,63,0,9,6,11,37,48,26,8,0,6,11,7,18,14,19,0,1
,11,27,15,23,0,76,200,19,44,43,10,32,31,38,8,18,44,0,7,9,11,18,29,22,12,1,1,5,9,14,18,12,0,0
,16,10,18,36,0,80,200,25,50,50,7,22,32,44,9,10,90,0,9,6,8,22,30,15,14,1,4,6,5,11,15,15,0,0
,21,27,24,29,0,101,200,23,36,64,16,41,39,51,7,8,88,0,12,3,13,28,41,28,8,1,3,6,9,15,11,18,0,1
,9,7,14,23,0,53,200,14,34,41,4,22,18,32,13,17,76,0,5,1,9,15,24,12,9,3,2,4,12,16,20,20,0,0
Y,21,19,18,28,0,86,200,26,47,55,10,24,42,51,4,6,67,0,9,3,17,27,44,24,15,1,2,10,10,20,16,15,0,1
,15,25,15,22,0,77,200,20,36,56,5,26,19,40,22,28,79,0,5,1,14,20,34,13,17,0,5,7,15,22,26,16,0,1
,21,13,17,20,0,71,200,17,28,61,9,29,31,46,10,14,71,0,5,2,12,20,32,22,10,2,3,15,11,26,22,21,0,0
,18,14,12,19,0,63,200,16,36,44,7,26,27,37,10,15,67,0,5,4,8,15,23,16,9,2,1,11,9,20,19,15,0,0
K,23,27,23,18,0,91,200,28,45,62,7,23,30,51,14,20,70,2,5,5,16,28,44,30,7,0,4,8,11,19,20,20,1,1
,23,10,15,25,0,73,200,20,40,50,7,31,23,38,12,17,71,0,9,6,8,20,28,16,12,0,1,11,5,16,17,15,0,0
,27,22,18,21,0,88,200,36,56,64,1,17,6,51,13,18,72,1,13,4,16,31,47,25,11,1,4,9,8,17,16,22,0,1
,25,13,22,25,0,85,200,20,41,49,10,27,37,44,15,19,79,0,10,3,10,21,31,25,13,1,0,6,11,17,20,13,0,1
,24,13,23,19,0,79,200,18,39,46,12,29,41,44,7,10,70,0,1,1,14,28,42,23,5,1,2,10,10,20,17,20,0,0
,14,24,18,18,0,74,200,26,45,58,7,22,32,49,1,5,20,0,7,2,15,20,35,22,7,0,2,12,14,26,13,23,0,0
,23,22,26,22,0,93,200,28,50,56,7,25,28,47,16,22,73,0,5,2,20,17,37,20,14,3,1,3,10,13,26,15,0,1
,18,20,23,22,0,83,200,24,49,49,8,31,26,40,11,14,79,0,2,2,20,28,48,18,8,0,1,13,8,21,20,11,0,1
,20,16,15,17,0,68,200,20,37,54,5,24,21,41,13,24,54,0,5,2,7,26,33,10,9,0,2,9,11,20,21,12,1,0
,13,18,23,33,0,87,200,30,49,61,4,23,17,47,15,21,71,0,4,2,10,20,30,9,5,0,3,12,10,22,20,12,0,0
,18,30,35,30,0,113,200,34,50,68,11,32,34,55,12,20,60,0,2,2,18,30,48,31,9,2,1,12,8,20,22,10,0,1
,11,7,19,15,0,52,200,14,41,34,5,21,24,31,9,21,43,0,1,3,18,27,45,10,5,1,4,10,11,21,20,17,0,0
Y,11,20,14,8,0,53,200,18,38,47,2,23,9,33,11,16,69,1,3,5,12,19,31,14,10,1,5,11,9,20,21,12,0,1
,11,21,24,19,0,75,200,24,44,55,5,20,25,45,12,21,57,0,4,1,13,14,27,18,6,1,1,15,11,26,22,22,0,0
,25,18,26,27,0,96,200,27,42,64,6,20,30,53,24,27,89,0,5,2,12,18,30,30,12,1,2,13,9,22,26,12,0,1
K,19,22,32,37,0,110,200,27,48,56,10,20,50,54,26,37,70,2,6,0,16,32,48,26,7,1,2,13,11,24,28,14,0,1
,16,12,21,20,0,69,200,18,39,46,5,21,24,38,18,25,72,0,4,2,6,16,22,18,8,2,5,19,9,28,24,16,0,0
,24,20,32,19,0,95,200,34,53,64,7,28,25,51,6,11,55,0,15,2,10,28,38,36,11,0,6,9,10,19,15,15,0,1
,20,12,17,23,0,72,200,20,46,43,6,22,27,38,14,17,82,0,5,1,7,28,35,21,5,2,5,7,8,15,19,22,0,0
,25,21,31,24,0,101,200,30,51,59,6,32,19,43,23,28,82,0,9,3,18,35,53,24,10,1,5,16,10,26,22,14,1,1
,15,24,13,25,0,77,200,23,52,44,5,19,26,39,16,28,57,0,10,1,10,21,31,8,5,2,3,14,8,22,26,15,1,0
,21,17,29,27,0,94,200,30,53,57,7,21,33,50,13,22,59,0,3,3,19,22,41,28,6,0,0,13,6,19,17,7,0,0
,30,25,24,19,0,98,200,27,37,73,10,30,33,55,14,22,64,0,3,2,10,17,27,28,5,0,2,11,6,17,19,6,0,1
,23,18,22,17,0,80,200,27,42,64,6,19,32,54,8,11,73,0,6,2,13,27,40,23,7,0,2,8,11,19,19,24,0,1
,11,20,11,22,0,64,200,18,34,53,5,30,17,36,13,15,87,0,3,2,7,14,21,13,13,2,0,7,12,19,19,17,0,0
,18,5,12,12,0,47,200,11,29,38,6,32,19,28,7,7,100,0,2,2,3,10,13,12,6,2,2,10,7,17,14,13,0,0
K,22,25,28,24,0,99,200,32,41,78,7,22,32,62,14,16,88,1,8,1,12,37,49,31,7,0,5,4,10,14,17,14,0,1
,20,21,22,21,0,84,200,27,53,51,4,14,29,46,18,27,67,0,10,2,12,24,36,26,4,4,2,13,12,25,26,11,1,1
,15,24,14,25,0,78,200,22,41,54,6,22,27,44,16,21,76,0,4,3,8,23,31,23,7,2,3,14,12,26,25,12,0,0
,19,13,15,22,0,69,200,18,50,36,2,22,9,28,27,35,77,0,7,7,7,24,31,11,11,0,5,23,12,35,28,15,0,0
,15,32,25,27,0,99,200,29,51,57,2,18,11,45,35,44,80,1,9,4,9,41,50,27,12,1,6,19,9,28,35,13,0,1
,23,24,25,24,0,96,200,17,34,50,16,42,38,43,14,21,67,0,4,0,16,13,29,20,15,3,1,6,7,13,22,14,0,1
Y,22,13,31,29,0,95,200,25,44,57,13,26,50,54,6,10,60,1,6,0,17,25,42,22,7,1,4,13,9,22,13,21,0,0
,17,15,18,23,0,73,200,16,45,36,9,27,33,35,14,27,52,0,5,3,21,22,43,15,6,0,1,8,12,20,26,9,0,0
,15,19,20,20,0,74,200,25,47,53,5,15,33,48,9,14,64,0,8,0,12,26,38,23,7,0,6,14,12,26,20,13,0,1
,17,15,18,23,0,73,200,16,45,36,9,27,33,35,14,27,52,0,5,3,21,22,43,15,6,0,1,8,12,20,26,9,0,0
,15,19,20,20,0,74,200,25,47,53,5,15,33,48,9,14,64,0,8,0,12,26,38,23,7,0,6,14,12,26,20,13,0,1
,20,18,25,15,0,78,200,25,39,64,6,20,30,53,10,15,67,0,3,2,8,14,22,23,4,2,1,19,7,26,19,14,0,0
,25,15,24,22,0,86,200,22,39,56,5,21,24,45,27,34,79,0,2,1,16,17,33,16,7,1,2,8,11,19,26,9,0,1
,19,25,23,27,0,94,200,27,46,59,8,30,27,46,16,23,70,0,9,4,17,21,38,26,18,1,2,11,11,22,25,13,0,1
,15,21,22,17,0,75,200,23,36,64,4,24,17,45,17,23,74,0,4,1,13,19,32,20,8,0,4,13,12,25,22,24,0,0
K,29,29,25,28,0,111,200,42,55,76,6,27,22,59,9,13,69,3,12,1,16,31,47,42,9,1,6,10,12,22,16,13,0,1
,13,21,19,26,0,79,200,17,43,40,10,28,36,38,15,19,79,0,5,5,10,13,23,20,9,2,0,8,8,16,22,13,0,0
,23,20,29,16,10,98,225,28,43,65,11,32,34,52,9,13,69,0,9,1,9,29,38,29,8,0,4,9,8,17,15,16,0,1
,21,23,12,32,7,95,225,21,42,50,15,38,39,45,8,18,44,0,3,3,12,29,41,17,6,0,0,7,8,15,17,12,0,0
,25,13,25,23,0,86,200,29,49,59,5,24,21,47,13,17,76,0,10,3,18,21,39,20,11,4,0,11,9,20,21,14,0,1
,15,18,22,18,0,73,200,20,32,63,5,20,25,48,18,21,86,0,7,3,7,19,26,15,7,3,3,10,11,21,20,19,0,0
,22,15,20,14,0,71,200,23,35,66,4,20,20,49,13,18,72,0,4,1,10,28,38,14,12,2,8,7,9,16,22,14,0,1
,10,23,9,15,0,57,200,16,29,55,5,29,17,36,10,11,91,0,7,2,7,17,24,17,11,2,1,10,12,22,16,15,0,0
,8,9,29,3,0,49,200,9,28,32,7,22,32,32,10,15,67,0,1,3,7,19,26,11,8,2,2,10,12,22,16,27,0,0
K,30,15,17,28,0,90,200,26,42,62,9,33,27,47,11,17,65,1,9,1,20,27,47,27,16,3,4,8,8,16,22,11,0,1
,15,21,17,30,0,83,200,17,36,47,13,37,35,41,10,11,91,0,6,3,12,20,32,25,10,3,2,9,10,19,15,9,0,0
,25,22,20,17,0,84,200,28,55,51,6,21,29,45,10,15,67,0,10,5,21,32,53,19,6,0,2,6,9,15,19,16,1,1
,24,14,27,22,0,87,200,21,40,53,3,13,23,45,36,48,75,0,12,2,6,28,34,26,10,3,3,16,11,27,35,14,0,1
,14,16,20,21,0,71,200,20,34,59,4,30,13,38,19,31,61,0,2,1,13,24,37,17,11,2,1,25,10,35,27,20,0,0
,16,12,22,25,0,75,200,22,40,55,8,30,27,43,7,11,64,0,8,6,10,18,28,22,8,0,2,14,3,17,15,19,0,0
K,35,23,28,27,0,113,200,34,47,72,8,29,28,55,21,25,84,6,16,2,18,29,47,35,14,0,2,6,9,15,17,14,0,1
Y,20,21,35,22,0,98,200,26,44,59,12,27,44,54,10,19,53,2,8,2,13,13,26,28,11,1,5,15,7,22,17,8,0,1
,27,24,17,20,0,88,200,27,46,59,4,10,40,55,22,28,79,0,3,1,10,18,28,30,6,0,2,9,8,17,22,16,0,0
,28,21,19,18,0,86,200,22,40,55,11,26,42,50,9,11,82,0,5,2,11,30,41,27,8,0,6,8,9,17,12,16,0,1
,12,12,22,16,0,62,200,16,32,50,6,28,21,37,12,16,75,0,2,1,7,16,23,23,7,2,2,7,5,12,17,12,0,0
,14,8,20,16,0,58,200,19,35,54,2,19,11,39,14,21,67,0,3,2,6,23,29,9,4,1,3,13,8,21,16,18,0,0
Y,30,16,20,26,0,92,200,22,43,51,11,33,33,43,15,25,60,3,7,2,21,25,46,21,11,2,2,12,4,16,21,8,0,1
,17,15,15,12,0,59,200,16,39,41,7,22,32,38,6,7,86,0,2,0,4,15,19,15,7,0,1,6,10,16,16,14,0,0
K,22,24,31,18,0,95,200,37,55,67,5,15,33,60,6,10,60,0,8,1,12,30,42,28,11,0,2,4,12,16,16,9,0,1
,20,18,20,15,0,73,200,20,35,57,7,33,21,40,12,15,80,0,5,2,15,19,34,23,8,2,2,10,14,24,17,21,0,0
,17,20,21,25,0,83,200,27,46,59,5,26,19,44,14,19,74,1,13,2,11,19,30,28,15,3,1,7,10,17,24,13,0,1
,13,17,27,25,0,82,200,23,36,64,10,39,26,44,6,8,75,0,5,3,8,21,29,17,5,0,1,4,11,15,12,4,0,1
Y,14,19,20,25,0,78,200,26,42,62,7,30,23,46,5,8,63,1,4,3,15,29,44,20,2,0,3,4,8,12,15,13,0,0
,24,29,31,36,0,120,200,40,59,68,7,18,39,61,19,24,79,0,15,3,12,30,42,35,10,0,5,16,9,25,22,16,0,1
,12,18,24,38,0,92,200,27,54,50,5,30,17,38,23,28,82,0,4,1,19,15,34,20,11,0,0,15,7,22,25,13,0,0
,20,17,33,15,0,85,200,28,47,60,5,24,21,46,14,22,64,0,5,2,10,43,53,20,7,2,3,9,10,19,18,17,0,1
,12,13,11,17,0,53,200,21,57,37,0,19,0,28,11,16,69,0,2,4,7,26,33,9,6,4,1,13,5,18,19,12,0,0
,13,14,30,20,0,77,200,21,50,42,9,27,33,39,8,14,57,0,6,2,20,17,37,18,3,1,2,8,12,20,13,11,0,0
Y,19,28,21,26,0,94,200,28,42,67,8,24,33,55,14,18,78,0,7,0,12,28,40,22,7,0,4,7,6,13,20,15,0,1
K,19,27,16,23,0,85,200,29,41,71,6,20,30,57,9,12,75,0,5,1,6,21,27,19,13,0,4,13,14,27,15,13,0,1
,6,15,27,25,0,73,200,16,38,42,9,21,43,42,14,23,61,0,3,1,13,18,31,18,7,2,1,6,9,15,27,17,0,0
,19,28,32,27,0,106,200,23,41,56,18,35,51,54,6,8,75,1,5,0,11,24,35,29,8,1,4,6,4,10,9,9,0,1
,28,17,28,9,0,82,200,28,46,61,6,23,26,49,8,11,73,0,7,0,10,21,31,14,5,0,0,5,4,9,10,12,0,0
,20,21,18,25,0,84,200,17,38,45,12,33,36,41,14,18,78,0,5,2,11,33,44,18,7,1,2,18,8,26,20,13,0,1
,12,18,22,27,0,79,200,20,45,44,6,20,30,40,21,32,66,0,8,6,9,28,37,23,3,3,0,10,10,20,26,12,0,0
,16,18,10,19,0,63,200,14,27,52,4,27,15,33,23,31,74,0,7,4,3,18,21,13,6,1,0,8,6,14,17,6,0,0
,22,18,29,17,0,86,200,29,41,71,6,24,25,54,10,13,77,0,8,0,7,36,43,26,3,0,3,16,1,17,14,11,0,1
,24,26,24,21,0,95,200,33,58,57,6,13,46,55,11,17,65,0,8,4,16,27,43,14,8,1,2,15,9,24,23,22,0,1
,19,17,19,29,0,84,200,17,36,47,9,28,32,41,23,28,82,0,4,0,8,15,23,16,8,3,3,10,13,23,24,15,0,0
K,22,30,31,21,0,104,200,34,51,67,10,18,56,64,6,14,43,2,9,4,10,36,46,30,10,0,6,13,9,22,14,21,0,1
,19,17,24,13,0,73,200,16,45,36,9,29,31,34,14,27,52,0,6,5,13,16,29,16,15,1,4,8,6,14,22,13,0,0
Y,23,17,19,21,0,80,200,22,40,55,7,23,30,46,15,17,88,0,4,5,8,26,34,21,3,0,5,9,8,17,16,14,0,0
,13,26,21,21,0,81,200,22,47,47,9,31,29,40,10,16,63,0,5,2,15,25,40,19,6,2,5,9,7,16,17,7,0,1
,15,14,28,16,0,73,200,19,41,46,7,23,30,41,14,20,70,0,5,2,20,17,37,17,9,0,1,8,8,16,21,20,0,0
,21,27,21,18,0,87,200,24,41,59,10,21,48,55,9,13,69,0,4,3,10,21,31,26,13,4,9,11,10,21,16,15,0,1
,18,22,20,21,0,81,200,33,51,65,2,23,9,47,9,18,50,0,8,3,11,31,42,31,8,1,3,8,9,17,18,12,0,1
,18,22,11,23,0,74,200,19,44,43,9,32,28,37,9,11,82,0,5,3,13,24,37,20,10,1,2,10,8,18,17,12,0,0
K,21,19,12,20,0,72,200,29,45,64,3,21,14,48,5,8,63,0,7,2,13,24,37,22,9,1,2,8,10,18,15,17,0,1
,15,17,20,11,0,63,200,20,36,56,5,17,29,47,8,15,53,0,2,2,8,17,25,19,13,2,3,5,10,15,18,17,0,0
,12,13,9,40,0,74,200,21,45,47,7,28,25,38,11,16,69,0,7,2,12,17,29,17,8,3,2,19,7,26,18,13,0,0
,7,27,24,33,0,91,200,25,47,53,7,18,39,49,20,37,54,0,5,2,18,32,50,25,7,0,3,10,8,18,26,16,0,1
K,14,20,19,21,0,74,200,25,55,45,3,20,15,37,15,19,79,2,7,4,21,27,48,15,9,1,1,9,9,18,17,11,0,1
,15,20,17,11,0,63,200,18,36,50,5,28,18,36,12,16,75,0,3,1,10,26,36,13,4,3,5,11,6,17,18,15,0,0
,25,19,23,21,0,88,200,28,54,52,4,17,24,45,20,25,80,0,0,3,18,22,40,9,2,1,4,10,8,18,20,11,0,1
,17,15,22,26,0,80,200,26,40,65,6,19,32,54,10,18,56,1,7,2,5,17,22,19,7,1,0,14,6,20,18,10,0,0
,22,18,12,19,0,71,200,24,47,51,6,24,25,42,5,14,36,0,4,3,12,23,35,17,7,2,3,15,3,18,18,6,0,0
,20,19,15,19,0,73,200,14,32,44,11,26,42,43,12,27,44,0,0,2,16,27,43,15,4,0,3,8,10,18,18,12,0,1
,18,18,9,17,0,62,200,17,42,40,4,27,15,30,16,20,80,0,5,2,13,24,37,12,6,1,2,10,9,19,19,9,0,0
,18,16,25,23,0,82,200,23,43,53,8,22,36,48,12,17,71,0,7,1,10,33,43,22,7,2,3,12,7,19,19,12,2,1
,17,24,22,10,0,73,200,17,39,44,12,32,38,41,3,5,60,0,4,8,12,25,37,18,7,2,2,3,6,9,15,12,0,0
,19,24,13,20,0,76,200,21,36,58,10,36,28,43,4,4,100,0,3,1,13,26,39,21,6,1,2,3,12,15,9,12,0,1
Y,18,32,24,20,0,94,200,24,44,55,11,32,34,46,13,17,76,1,4,3,17,26,43,23,7,0,8,15,8,23,18,11,0,1
,14,17,16,20,0,67,200,18,44,41,5,20,25,36,16,28,57,0,3,1,14,20,34,18,5,0,2,9,10,19,23,14,0,0
,21,18,20,14,0,73,200,22,40,55,7,22,32,47,8,13,62,0,7,3,9,21,30,16,10,3,5,7,10,17,20,15,0,0
,17,23,21,22,0,83,200,26,49,53,7,19,37,49,10,12,83,0,5,1,11,24,35,16,7,3,3,7,13,20,17,16,0,1
,24,18,15,19,0,76,200,25,50,50,5,18,28,44,11,17,65,0,7,1,12,24,36,17,12,1,2,9,6,15,19,16,0,1
,21,16,16,15,0,68,200,17,40,43,7,24,29,38,13,18,72,0,5,4,15,23,38,18,10,1,3,10,9,19,15,20,0,0
,27,13,17,14,0,71,200,19,40,48,10,30,33,41,3,4,75,0,8,5,11,20,31,17,8,1,2,6,9,15,14,12,0,0
Y,15,28,15,20,0,78,200,18,49,37,11,28,39,38,9,12,75,0,3,5,22,24,46,21,11,0,6,2,12,14,15,11,0,1
,20,21,15,15,0,71,200,25,46,54,5,24,21,43,6,8,75,0,5,6,16,20,36,24,6,1,8,4,14,18,18,12,0,0
,26,20,15,11,0,72,200,20,47,43,10,28,36,40,2,7,29,0,4,1,19,21,40,14,5,3,3,5,13,18,18,11,0,1
,9,7,7,24,0,47,200,11,35,31,7,26,27,30,4,7,57,0,3,4,4,15,19,10,9,2,1,9,9,18,17,20,0,0
K,26,22,40,24,0,112,200,30,47,64,14,30,47,57,10,16,63,1,11,3,18,36,54,27,11,0,3,4,13,17,18,15,0,1
K,26,18,25,19,0,88,200,26,47,55,7,26,27,45,15,16,94,0,13,3,19,21,40,20,17,2,4,11,10,21,22,15,0,1
,10,16,18,14,0,58,200,14,33,42,5,20,25,36,15,20,75,0,4,2,13,18,31,16,6,1,0,9,13,22,21,26,0,0
,14,13,20,13,0,60,200,12,29,41,9,23,39,40,9,16,56,0,1,3,13,22,35,16,11,2,2,4,10,14,21,21,0,1
,21,10,10,17,0,58,200,16,35,46,7,22,32,40,5,7,71,0,5,1,11,16,27,15,13,4,2,9,12,21,14,16,0,0
,20,18,17,23,0,78,200,19,33,58,7,24,29,46,19,24,79,0,2,1,12,14,26,13,3,3,0,9,12,21,18,19,0,0
,27,23,26,26,0,102,200,39,59,66,4,14,29,59,12,15,80,0,8,0,12,17,29,23,11,1,2,12,6,18,21,11,0,1
,8,19,18,21,0,66,200,13,32,41,10,29,34,38,10,17,59,0,3,0,10,27,37,22,7,1,3,9,9,18,19,13,0,1
,19,15,10,15,0,59,200,17,40,43,5,21,24,36,10,18,56,0,9,0,14,28,42,20,10,2,3,9,10,19,18,17,0,0
Y,28,11,30,19,0,88,200,26,52,50,8,28,29,43,12,16,75,2,4,1,23,33,56,33,8,1,3,5,10,15,18,11,0,1
,15,11,16,11,0,53,200,20,52,38,3,19,16,32,4,8,50,0,4,2,13,22,35,15,8,0,1,9,9,18,15,12,0,0
,15,27,19,15,8,84,225,26,46,57,8,35,23,42,8,14,57,0,5,4,19,23,42,18,11,0,3,6,6,12,18,20,0,0
,18,23,19,16,11,87,225,31,51,61,6,27,22,47,7,12,58,0,11,5,14,20,34,24,11,1,2,9,9,18,12,16,0,1
,27,19,26,23,0,95,200,29,53,55,8,24,33,48,13,18,72,0,3,0,22,19,41,21,6,2,1,5,11,16,20,6,0,1
,12,20,12,23,0,67,200,24,41,59,5,17,29,50,4,7,57,0,3,2,9,12,21,10,4,1,2,11,9,20,16,16,1,0
K,28,23,22,20,0,93,200,24,38,63,11,28,39,53,12,16,75,1,10,4,8,36,44,27,10,1,7,8,14,22,19,15,0,1
,9,14,10,19,0,52,200,11,40,28,6,28,21,25,12,15,80,0,3,4,12,22,34,14,8,5,0,10,9,19,22,13,0,0
,14,9,17,23,0,63,200,21,44,48,4,23,17,37,9,12,75,2,8,2,10,17,27,19,6,1,4,8,7,15,18,12,0,0
,20,18,19,25,0,82,200,33,64,52,2,8,25,49,10,13,77,1,8,1,14,29,43,18,9,0,1,7,11,18,15,11,0,1
,22,19,18,25,0,84,200,21,41,51,7,24,29,43,21,26,81,0,5,2,9,30,39,16,4,1,1,17,11,28,25,12,0,1
,22,19,20,20,0,81,200,13,40,33,11,35,31,32,22,32,69,0,3,0,21,26,47,20,7,2,0,15,10,25,28,12,0,0
,20,12,14,19,0,65,200,20,38,53,5,22,23,42,10,13,77,0,3,0,8,18,26,17,3,4,0,7,10,17,20,17,0,0
K,20,30,14,17,0,81,200,24,40,60,8,29,28,46,9,13,69,0,7,2,16,26,42,22,12,1,2,7,13,20,17,15,0,1
,14,14,24,12,0,64,200,21,45,47,5,18,28,41,7,11,64,0,3,5,10,23,33,17,5,1,0,11,11,22,17,19,0,0
,30,25,15,13,0,83,200,15,34,44,12,27,44,44,17,22,77,0,4,1,10,24,34,27,12,3,2,7,10,17,22,14,0,1
,16,10,12,17,0,55,200,13,41,32,8,21,38,34,5,8,63,0,2,2,9,21,30,18,7,1,1,9,7,16,17,20,0,0
Y,19,23,19,19,0,80,200,19,37,51,9,18,50,51,15,18,83,0,3,5,5,28,33,21,13,0,5,4,13,17,16,17,0,1
,13,19,29,25,0,86,200,24,34,71,6,21,29,55,20,26,77,0,13,1,5,28,33,19,8,0,4,8,12,20,24,13,0,1
,21,20,16,16,0,73,200,17,42,40,9,31,29,36,12,15,80,0,3,1,17,20,37,19,5,3,2,13,11,24,20,14,0,0
,23,20,19,20,0,82,200,25,42,60,8,25,32,49,8,16,50,0,7,3,10,26,36,25,12,1,5,10,11,21,21,11,0,1
,21,15,11,16,0,63,200,12,26,46,10,28,36,41,9,17,53,0,2,1,5,23,28,13,4,2,1,9,12,21,21,21,0,0
,15,15,24,16,0,70,200,19,53,36,4,22,18,31,20,25,80,0,6,2,21,19,40,15,9,2,3,8,7,15,25,6,1,1
,12,21,18,14,0,65,200,23,39,59,3,25,12,41,10,13,77,0,2,2,15,27,42,13,4,0,4,14,11,25,15,14,1,0
Y,29,23,10,22,0,84,200,25,42,60,9,35,26,44,7,12,58,0,5,0,20,25,45,18,5,1,6,10,8,18,17,7,0,1
,19,17,25,4,0,65,200,18,43,42,5,21,24,36,14,19,74,0,4,3,14,21,35,9,6,1,1,7,10,17,18,11,0,0
,19,23,20,17,0,79,200,26,47,55,6,31,19,41,9,20,45,0,2,0,21,27,48,17,7,2,4,14,7,21,22,14,0,1
,13,14,17,30,0,74,200,17,39,44,8,26,31,38,16,24,67,0,5,1,13,22,35,19,9,1,4,13,9,22,21,13,0,0
,16,21,21,23,0,81,200,24,50,48,7,20,35,44,12,14,86,2,8,4,11,29,40,20,11,2,2,15,7,22,12,16,0,1
,18,16,20,22,0,76,200,19,34,56,7,20,35,48,17,28,61,0,5,2,4,23,27,20,10,1,4,7,5,12,22,16,0,0
,22,12,15,13,0,62,200,20,40,50,5,24,21,39,7,14,50,0,6,2,12,29,41,15,9,2,2,16,6,22,16,14,0,1
,19,14,7,16,0,56,200,12,32,38,3,21,14,28,23,31,74,0,4,2,7,24,31,10,5,0,1,7,9,16,22,12,0,0
K,20,17,26,31,0,94,200,31,51,61,5,21,24,50,17,25,68,3,10,2,15,26,41,17,15,0,1,4,13,17,20,13,0,1
,13,16,10,4,0,43,200,11,33,33,5,24,21,28,6,8,75,0,2,1,11,12,23,9,6,3,2,15,5,20,17,23,0,0
,17,23,17,21,0,78,200,18,29,62,9,24,38,51,15,23,65,0,3,1,7,14,21,19,14,2,2,12,11,23,21,11,0,1
,18,21,16,18,0,73,200,19,32,59,6,17,35,51,17,23,74,0,6,2,8,17,25,19,5,2,4,12,9,21,23,21,0,0
,19,22,14,25,0,80,200,32,56,57,4,24,17,45,4,9,44,0,7,6,22,17,39,17,18,0,1,9,12,21,15,9,0,1
,16,8,14,11,0,48,200,17,32,53,0,10,0,40,14,16,88,0,2,3,5,21,26,9,4,1,2,6,9,15,21,25,0,0
,4,23,12,4,0,43,200,14,30,47,4,21,19,35,3,5,60,0,4,0,6,22,28,10,6,3,3,9,9,18,16,23,0,0
K,10,26,14,13,0,63,200,20,49,41,3,23,13,32,14,17,82,1,5,2,17,25,42,10,12,3,5,3,13,16,18,12,0,1
Y,15,17,13,39,0,84,200,18,35,51,13,29,45,48,9,13,69,0,3,0,7,22,29,27,8,2,7,8,9,17,18,12,0,1
,21,11,27,20,0,79,200,18,40,45,11,19,58,49,10,16,63,0,6,2,9,25,34,15,9,1,0,7,11,18,17,16,0,0
,20,14,9,19,0,62,200,11,30,37,12,46,26,30,4,6,67,0,3,3,23,22,45,20,6,1,2,6,11,17,15,8,0,0
,28,10,10,17,0,65,200,21,58,36,5,14,36,36,8,10,80,1,3,1,23,30,53,12,7,1,3,3,12,15,17,8,0,1
,6,16,17,20,0,59,200,15,34,44,7,31,23,34,8,13,62,0,5,2,10,26,36,17,7,0,4,6,7,13,16,12,0,0
,28,12,13,13,0,66,200,24,52,46,4,17,24,41,6,10,60,0,6,1,11,31,42,19,11,1,2,7,9,16,13,9,0,1
,18,24,21,22,0,85,200,27,49,55,7,31,23,43,10,20,50,0,3,1,25,28,53,25,11,0,2,4,10,14,19,12,0,1
,16,14,10,26,0,66,200,15,43,35,10,28,36,35,6,7,86,0,3,3,13,24,37,15,10,0,2,12,7,19,14,15,0,0
,18,16,19,25,0,78,200,25,44,57,7,28,25,44,7,11,64,1,5,2,13,28,41,20,13,1,2,6,7,13,19,13,0,1
,7,10,22,17,0,56,200,19,46,41,4,23,17,33,6,10,60,0,7,7,14,25,39,8,10,0,1,6,13,19,13,17,0,0
K,26,21,24,20,0,91,200,17,39,44,18,31,58,50,3,5,60,0,6,3,14,35,49,31,5,1,3,9,10,19,12,13,0,1
,13,13,18,7,0,51,200,13,38,34,4,21,19,29,13,18,72,0,4,1,7,19,26,9,6,0,0,4,8,12,19,8,0,0
Y,17,19,19,17,0,72,200,18,38,47,8,30,27,38,12,15,80,1,4,1,15,35,50,15,5,3,4,12,12,24,17,14,0,1
,10,8,15,24,0,57,200,17,55,31,3,12,25,30,14,23,61,0,4,4,9,28,37,12,6,1,1,6,11,17,24,11,0,0
,15,17,13,20,0,65,200,10,22,45,8,24,33,39,21,24,88,0,3,2,4,37,41,16,1,1,3,15,10,25,25,20,0,1
,8,19,16,14,0,57,200,10,35,29,7,40,18,23,16,30,53,0,3,1,18,19,37,11,15,2,1,12,13,25,25,3,0,0
,23,18,21,17,0,79,200,25,46,54,6,20,30,47,11,16,69,0,8,2,13,31,44,28,3,0,2,10,10,20,17,15,1,1
,19,11,14,27,0,71,200,20,33,61,7,35,20,40,10,17,59,1,6,1,6,22,28,20,10,1,2,9,8,17,20,7,0,0
,11,13,13,15,0,52,200,18,30,60,4,30,13,37,4,5,80,0,3,0,12,21,33,12,9,2,6,11,11,22,16,19,1,0
,23,19,17,11,0,70,200,15,35,43,9,26,35,39,13,18,72,0,3,3,15,21,36,15,11,3,2,3,13,16,22,15,0,1
,21,23,22,19,0,85,200,23,48,48,8,17,47,48,15,25,60,0,3,1,15,20,35,23,9,1,1,18,14,32,22,14,0,1
,15,13,12,34,0,74,200,22,49,45,2,17,12,36,24,34,71,0,4,2,16,21,37,16,6,5,2,14,8,22,32,13,0,0
,14,16,10,18,0,58,200,10,34,29,10,36,28,29,8,10,80,0,2,3,10,15,25,20,7,1,2,12,10,22,13,10,0,0
,18,27,28,23,0,96,200,27,43,63,8,25,32,51,18,21,86,0,4,0,16,33,49,25,6,0,5,5,8,13,22,12,0,1
K,17,35,24,22,0,98,200,30,53,57,10,34,29,46,8,16,50,2,5,3,30,28,58,27,8,0,5,8,9,17,18,12,0,1
,18,16,18,9,0,61,200,18,41,44,4,22,18,35,13,16,81,0,1,5,10,15,25,14,4,3,4,10,8,18,17,13,0,0
,20,17,14,21,11,83,225,30,61,49,4,15,27,45,11,18,61,0,9,2,21,25,46,17,6,1,3,7,15,22,18,12,1,0
,11,21,22,18,16,88,225,26,54,48,10,35,29,40,6,12,50,0,4,2,21,25,46,23,6,3,3,10,8,18,22,9,0,1
,20,15,23,18,0,76,200,23,46,50,8,32,25,40,6,9,67,0,9,0,9,20,29,17,12,2,1,11,11,22,18,11,0,0
,23,22,29,22,0,96,200,36,46,78,4,21,19,60,12,18,67,0,8,2,8,38,46,20,8,1,1,5,13,18,22,20,0,1
,12,9,22,5,0,48,200,10,29,34,7,29,24,29,7,15,47,0,5,0,12,25,37,15,6,1,1,7,11,18,20,14,0,0
,20,17,7,16,0,60,200,15,32,47,7,25,28,39,9,14,64,0,4,3,7,26,33,17,10,0,4,8,12,20,18,11,0,1
,17,28,20,12,0,77,200,19,37,51,11,38,29,40,6,7,86,0,3,3,14,26,40,24,8,0,2,11,7,18,15,11,0,1
,26,11,11,17,0,65,200,23,49,47,3,18,17,39,10,19,53,0,3,2,11,29,40,25,6,1,4,4,11,15,18,15,0,0
K,14,15,17,16,0,62,200,9,31,29,12,31,39,34,8,12,67,0,3,4,11,27,38,15,11,2,5,7,13,20,15,12,0,1
Y,12,4,11,18,0,45,200,16,43,37,1,19,5,27,10,14,71,1,4,3,13,25,38,10,7,2,3,7,8,15,20,14,0,0
,13,13,9,11,0,46,200,11,33,33,6,24,25,30,6,7,86,0,3,1,9,19,28,15,6,0,2,7,12,19,12,14,0,0
,22,18,14,13,0,67,200,27,49,55,1,18,6,42,10,13,77,0,6,2,18,30,48,17,8,0,0,4,8,12,19,11,0,1
,23,21,18,14,0,76,200,17,39,44,10,32,31,38,12,19,63,0,4,1,23,20,43,13,9,3,5,13,15,27,23,8,1,1
,15,17,20,19,0,71,200,18,40,45,7,19,37,42,14,21,67,0,3,3,12,22,34,12,2,2,3,12,11,23,27,14,0,0
,16,17,13,13,0,59,200,17,35,49,7,24,29,41,4,8,50,0,4,2,5,23,28,21,4,4,3,3,11,14,14,19,0,0
Y,18,22,11,24,0,75,200,21,44,48,9,24,38,44,6,7,86,0,6,2,13,26,39,24,11,0,1,4,10,14,14,14,0,1
,27,21,20,28,0,96,200,37,58,64,3,14,21,56,13,18,72,0,5,1,18,24,42,24,12,0,2,7,5,12,16,11,0,1
,7,20,15,14,0,58,200,18,36,50,5,23,22,39,7,12,58,0,3,2,6,16,22,13,5,0,0,10,6,16,12,13,0,0
,23,19,12,21,0,75,200,28,39,72,3,31,10,44,10,14,71,0,6,3,14,32,46,26,10,1,4,7,7,14,17,10,0,1
,11,12,16,10,0,49,200,18,51,35,2,20,10,28,7,13,54,0,2,1,18,21,39,6,6,1,1,7,10,17,14,14,0,0
,9,23,16,13,0,61,200,17,32,53,6,29,21,38,9,14,64,0,1,1,6,12,18,15,10,2,1,10,8,18,18,10,0,0
,23,20,20,21,0,84,200,29,50,58,5,19,26,49,11,16,69,0,7,3,19,30,49,16,8,2,2,8,10,18,18,18,0,1
,13,12,11,20,0,56,200,18,34,53,6,23,26,42,2,8,25,0,0,2,5,15,20,11,4,1,2,3,9,12,14,15,0,0
K,30,24,18,24,0,96,200,32,46,70,10,28,36,57,2,5,40,2,12,1,16,26,42,28,14,0,2,4,10,14,12,10,0,1
Y,18,23,16,17,0,74,200,24,51,47,8,29,28,40,2,6,33,1,8,2,18,20,38,20,17,1,1,9,9,18,10,7,0,1
,9,18,17,6,0,50,200,10,21,48,5,22,23,35,15,19,79,0,2,0,7,23,30,8,6,1,0,3,7,10,18,24,0,0
,18,19,22,24,0,83,200,30,52,58,4,25,16,44,11,15,73,0,3,2,18,34,52,16,8,1,3,12,10,22,18,14,0,1
,14,6,21,7,0,48,200,14,34,41,3,22,14,30,11,23,48,0,3,3,5,23,28,11,7,1,1,8,10,18,22,16,0,0
,18,27,16,18,0,79,200,25,48,52,8,30,27,42,5,10,50,0,5,4,22,27,49,11,11,0,4,4,13,17,18,14,0,1
,10,10,13,16,0,49,200,17,45,38,3,16,19,33,6,8,75,0,1,4,8,19,27,12,9,1,3,6,12,18,17,17,0,0
,13,14,18,9,0,54,200,15,44,34,4,16,25,32,12,15,80,0,4,2,10,19,29,13,7,1,1,7,11,18,20,16,0,0
K,23,11,18,14,0,66,200,17,36,47,8,26,31,40,8,14,57,0,6,2,14,25,39,20,9,2,5,8,12,20,18,15,0,1
,17,16,18,19,0,70,200,21,51,41,6,29,21,34,10,16,63,0,5,2,20,22,42,20,10,0,3,2,10,12,16,9,0,0
,18,21,17,24,0,80,200,31,47,66,5,22,23,52,3,4,75,0,7,3,8,27,35,22,7,1,4,8,8,16,12,11,0,1
,17,15,20,18,0,70,200,18,45,40,7,22,32,37,13,19,68,0,5,3,14,25,39,18,5,3,5,12,7,19,22,10,0,1
,16,19,11,14,0,60,200,13,36,36,7,25,28,33,13,21,62,0,2,4,14,22,36,17,7,1,2,10,12,22,19,13,0,0
Y,24,19,18,25,0,86,200,27,45,60,9,22,41,54,5,8,63,1,7,2,12,27,39,27,6,0,5,6,8,14,12,16,0,1
,13,10,9,36,0,58,200,17,45,38,5,25,20,31,9,12,75,0,5,6,15,14,29,17,8,1,3,4,8,12,14,10,0,0
,25,25,28,7,0,85,200,27,50,54,9,20,45,51,4,5,80,0,10,1,16,13,29,22,20,0,2,6,9,15,7,13,0,1
,11,22,12,24,0,69,200,18,27,67,8,28,29,47,9,10,90,0,5,2,10,14,24,19,10,0,3,3,4,7,15,23,0,0
,26,15,12,12,0,65,200,20,36,56,6,22,27,45,7,11,64,0,3,0,11,26,37,11,9,0,1,10,11,21,11,19,0,0
,21,24,19,11,0,75,200,17,42,40,9,30,30,36,14,19,74,0,3,2,19,22,41,14,8,3,1,6,5,11,21,13,0,1
,19,12,20,27,0,78,200,23,46,50,9,28,32,43,5,8,63,0,3,1,14,18,32,21,5,3,0,8,10,18,16,12,0,0
,31,24,26,20,0,101,200,22,35,63,15,39,38,50,12,15,80,1,8,1,18,30,48,28,4,1,2,5,11,16,18,15,0,1
,20,15,19,6,0,60,200,13,29,45,9,25,36,41,7,10,70,0,2,1,10,14,24,16,15,2,2,5,14,19,16,16,0,1
Y,16,9,20,5,0,50,200,15,28,54,5,19,26,43,5,10,50,0,5,2,11,15,26,13,10,2,4,5,11,16,19,20,0,0
,16,17,21,28,0,82,200,13,29,45,15,44,34,38,11,15,73,0,6,3,18,20,38,24,7,2,2,4,12,16,17,10,0,1
,15,17,14,23,0,69,200,18,32,56,9,26,35,47,6,8,75,0,4,2,5,20,25,19,4,2,2,8,9,17,16,12,0,0
K,29,16,23,23,0,91,200,32,50,68,6,26,23,53,5,9,56,2,11,1,15,19,34,27,12,0,5,10,10,20,15,9,0,1
,17,16,11,20,0,64,200,11,30,37,9,23,39,38,15,20,75,0,0,1,10,19,29,12,5,2,4,7,7,14,19,21,0,0
,17,20,19,18,0,74,200,15,34,44,10,30,33,39,14,21,67,0,8,3,15,21,36,22,4,0,5,8,9,17,20,11,0,1
,20,13,17,21,0,71,200,22,44,50,6,26,23,40,9,13,69,1,5,3,14,18,32,20,7,1,5,12,8,20,17,8,0,0
,20,19,26,17,0,82,200,26,46,57,5,17,29,49,15,20,75,0,8,4,17,28,45,23,8,1,1,4,13,17,18,17,0,1
,17,17,12,22,0,68,200,18,37,49,9,38,24,36,5,7,71,0,3,3,13,13,26,23,9,5,2,11,7,18,17,11,0,0
,25,21,15,22,0,83,200,24,46,52,6,13,46,51,17,26,65,0,8,2,12,28,40,15,10,0,4,8,11,19,27,19,1,1
,13,12,26,16,0,67,200,19,36,53,7,36,19,36,8,15,53,0,1,3,15,15,30,15,11,2,2,14,13,27,19,19,1,0
,19,17,17,20,0,73,200,29,53,55,3,24,13,42,6,13,46,0,8,6,12,28,40,11,7,2,3,5,11,16,16,12,0,0
,22,17,27,21,0,87,200,23,43,53,12,40,30,42,5,8,63,0,5,4,15,33,48,19,9,0,3,8,8,16,16,11,0,1
,11,14,11,19,0,55,200,17,39,44,6,22,27,38,3,9,33,0,5,0,12,27,39,19,5,3,5,7,7,14,17,13,0,1
,17,11,15,10,0,53,200,10,27,37,7,34,21,28,12,14,86,0,0,2,11,27,38,13,5,3,2,5,12,17,14,11,0,0
,13,11,19,12,0,55,200,21,42,50,1,17,6,37,10,15,67,0,7,1,4,19,23,13,7,0,1,3,11,14,15,13,0,0
Y,28,20,17,13,0,78,200,19,39,49,12,27,44,47,4,4,100,1,3,3,12,31,43,19,7,0,2,9,6,15,14,15,1,1
,17,23,19,9,0,68,200,16,39,41,9,27,33,38,9,14,64,0,3,1,12,25,37,17,5,0,2,9,5,14,17,10,0,1
K,14,26,16,11,0,67,200,23,47,49,3,20,15,39,12,16,75,2,6,6,13,21,34,15,9,0,6,7,10,17,14,9,0,0
,16,10,20,16,0,62,200,23,55,42,3,21,14,34,7,12,58,0,3,2,20,28,48,17,6,0,3,3,11,14,13,8,0,1
,17,21,14,9,0,61,200,20,39,51,6,40,15,33,3,7,43,1,5,2,23,25,48,23,5,0,7,6,7,13,14,11,0,0
K,22,16,27,16,0,81,200,21,33,64,9,29,31,48,12,16,75,0,11,0,13,25,38,21,12,2,10,8,7,15,19,13,0,1
,8,14,10,19,0,51,200,14,44,32,4,16,25,30,11,16,69,0,1,5,13,18,31,13,9,0,2,9,10,19,15,18,0,0
,24,31,25,24,0,104,200,27,53,51,12,33,36,45,14,16,88,0,11,6,16,39,55,26,10,0,2,3,4,10,16,13,0,1
,17,18,17,18,0,70,200,21,48,44,6,30,20,35,10,12,83,0,11,6,9,29,38,16,9,1,2,9,7,16,10,14,0,0
,24,14,20,10,0,68,200,18,34,53,8,25,32,44,8,12,67,0,3,1,11,26,37,17,3,0,5,9,9,18,17,16,0,0
,22,16,21,18,0,77,200,22,55,40,8,19,42,41,9,17,53,0,2,4,14,20,34,22,11,1,2,6,11,17,18,7,0,1
,18,15,17,10,0,60,200,13,29,45,7,26,27,36,13,15,87,0,1,2,8,25,33,17,4,0,7,6,11,17,17,16,0,0
,17,22,14,19,0,72,200,22,49,45,6,22,27,39,10,12,83,0,5,3,16,24,40,19,12,0,3,8,9,17,17,9,0,1
Y,13,9,12,30,0,64,200,18,42,43,6,27,22,35,10,12,83,1,5,2,15,42,57,16,4,1,6,5,7,12,18,12,0,1
,13,10,8,11,0,42,200,15,49,31,3,25,12,24,3,9,33,0,8,3,12,23,35,14,9,0,5,6,12,18,12,10,0,0
,24,31,34,29,0,118,200,30,47,64,14,31,45,56,16,20,80,1,15,2,11,37,48,31,14,0,4,7,12,19,17,12,0,1
,17,17,18,20,0,72,200,16,39,41,11,44,25,33,7,14,50,0,2,2,17,20,37,16,7,2,1,11,6,17,19,16,1,0
K,20,19,33,24,0,96,200,31,48,65,5,17,29,55,19,22,86,0,13,2,11,26,37,19,9,2,1,6,9,15,20,7,0,1
,13,8,19,15,0,55,200,18,36,50,4,20,20,39,7,11,64,0,3,1,6,16,22,12,3,0,2,12,8,20,15,16,0,0
Y,31,25,22,22,0,100,200,27,40,68,14,25,56,63,4,5,80,1,6,2,8,34,42,29,7,0,4,11,6,17,13,16,0,1
,21,13,10,30,0,74,200,17,41,41,9,23,39,41,13,20,65,0,5,3,4,16,20,18,9,0,2,3,10,13,17,9,0,0
,17,12,11,19,0,59,200,20,46,43,3,17,18,37,10,13,77,0,6,2,6,27,33,13,11,0,6,9,12,21,17,15,0,0
,16,20,17,17,0,70,200,21,47,45,5,27,19,35,13,17,76,0,4,1,18,29,47,17,7,3,1,8,9,17,21,12,2,1
,21,29,20,20,0,90,200,26,56,46,11,25,44,46,5,6,83,0,12,2,16,21,37,26,13,1,2,10,8,18,12,11,0,1
,14,25,22,20,0,81,200,20,40,50,9,24,38,45,14,18,78,0,6,1,13,25,38,20,8,1,3,4,8,12,18,18,0,0
,22,25,17,14,0,78,200,26,47,55,5,27,19,42,11,11,100,0,6,5,16,26,42,17,11,2,0,8,14,22,12,12,0,1
,7,10,13,23,0,53,200,12,24,50,7,24,29,40,8,16,20,0,5,1,7,22,29,16,5,3,0,6,6,12,22,19,0,0
,16,18,11,9,0,54,200,13,36,36,6,29,21,29,10,16,63,0,1,0,17,14,31,10,4,0,2,6,10,18,21,11,0,0
K,22,14,17,23,0,76,200,29,47,62,4,19,21,50,6,9,67,1,10,2,13,27,40,25,7,0,3,10,11,21,16,10,0,1
,13,8,15,33,0,69,200,22,48,46,7,27,26,39,4,10,40,0,8,2,13,15,28,19,9,1,3,12,5,17,15,9,0,0
,23,22,26,31,0,102,200,34,54,63,8,17,47,59,10,18,56,1,4,2,18,34,52,22,6,0,4,6,9,15,17,13,0,1
,9,8,21,19,0,57,200,10,9,26,10,28,36,30,7,14,50,0,3,4,15,20,35,14,7,2,3,8,14,22,21,6,0,0
Y,14,15,17,18,0,64,200,15,41,37,7,24,29,34,13,16,81,0,5,3,16,27,43,16,2,0,7,8,13,21,22,12,0,1
,29,25,19,19,0,92,200,16,35,46,17,39,44,45,9,22,41,1,4,3,22,25,47,29,4,1,6,12,8,20,23,14,0,1
,17,19,25,28,0,89,200,22,49,45,9,22,41,44,18,25,72,0,2,2,12,22,34,26,8,1,4,12,11,23,20,6,0,0
,15,17,12,21,0,65,200,15,35,43,10,29,34,39,5,6,83,0,6,1,11,23,34,16,14,1,6,9,11,20,15,17,0,1
,8,13,16,17,0,54,200,15,31,48,4,22,18,36,12,15,80,0,4,1,7,21,28,11,13,1,3,3,12,15,20,19,0,0
,20,14,5,15,0,54,200,19,42,45,4,27,15,33,4,9,44,2,5,2,8,22,30,16,10,1,3,6,7,13,10,10,0,0
Y,20,14,18,21,0,73,200,28,46,61,4,27,15,44,5,10,50,1,3,0,18,35,53,24,4,0,4,5,5,10,13,12,0,1
,18,11,13,20,0,62,200,13,36,36,9,35,26,31,9,14,64,0,3,3,16,19,35,15,13,1,4,9,10,19,21,6,1,1
,12,10,11,24,0,57,200,18,38,47,4,19,21,39,9,16,56,0,4,1,14,30,44,13,2,1,4,7,14,21,19,17,1,0
,20,21,18,13,0,72,200,19,49,39,7,25,28,35,13,19,68,0,3,1,18,23,41,18,8,3,2,6,11,17,21,9,0,1
,17,13,15,14,0,59,200,18,36,50,5,23,22,39,8,12,67,0,8,2,8,22,30,11,6,0,6,11,10,21,17,13,0,0
,18,13,31,16,0,78,200,17,41,41,11,27,41,41,11,13,85,0,3,1,8,21,29,17,5,2,0,14,10,24,19,15,0,0
,25,25,26,25,0,101,200,31,49,63,6,20,30,54,21,26,81,0,10,4,12,27,39,31,8,1,5,8,11,19,24,8,0,1
,22,8,24,19,0,73,200,23,42,55,3,27,11,38,18,24,75,0,8,5,11,23,34,22,11,2,7,9,7,16,20,12,0,1
,18,15,19,17,0,69,200,22,41,54,5,22,23,43,10,17,59,0,8,2,9,26,35,24,9,1,1,13,7,20,16,18,0,0
,23,17,7,16,0,63,200,12,26,46,9,21,43,45,12,18,67,0,2,1,7,26,33,19,5,2,1,11,11,22,23,18,0,1
,23,11,14,13,0,61,200,11,28,39,9,38,24,30,12,23,52,1,5,3,17,17,34,16,14,1,4,9,14,23,22,12,0,0
K,21,13,18,15,0,67,200,22,40,55,5,19,26,46,8,17,47,0,4,2,5,24,29,20,7,0,2,8,9,17,17,9,0,1
,20,21,14,7,0,62,200,20,38,53,6,21,29,44,4,15,27,0,3,1,8,24,32,20,6,1,6,9,8,17,17,14,0,0
,24,16,13,13,0,66,200,16,37,43,7,23,30,38,13,14,93,0,1,0,13,18,31,11,6,3,5,6,16,22,19,17,0,0
,17,16,18,18,0,69,200,25,49,51,4,17,24,44,7,10,70,0,7,2,10,20,30,17,6,4,1,7,12,19,22,13,0,1
,11,20,16,14,0,61,200,16,36,44,2,23,9,31,23,29,79,0,8,5,11,19,30,16,5,0,1,3,14,17,24,15,0,0
K,25,20,26,22,0,93,200,31,46,67,10,26,38,57,1,4,25,0,7,3,11,26,37,33,12,0,1,15,9,24,17,13,0,1
,22,15,26,20,0,83,200,24,50,48,9,29,31,42,8,9,89,0,8,3,21,14,35,20,13,1,1,6,7,13,15,13,0,1
,15,20,19,23,0,77,200,18,28,64,11,31,35,49,8,11,73,0,4,1,12,22,34,22,9,1,6,5,10,15,13,23,0,0
,15,28,27,26,0,96,200,26,48,54,9,22,41,50,17,28,61,1,14,5,15,26,41,25,11,0,3,8,12,20,23,3,0,1
,13,16,20,10,0,59,200,19,35,54,4,23,17,40,9,12,75,0,3,0,6,21,27,11,2,0,2,16,7,23,20,15,0,0
Y,18,16,18,22,0,74,200,25,43,58,6,31,19,42,6,9,67,2,7,3,17,26,43,24,6,1,8,9,12,21,16,8,0,1
,14,13,7,20,0,54,200,18,39,46,2,26,8,31,12,17,71,0,7,1,16,24,40,11,4,0,1,6,10,16,21,14,0,0
,17,11,28,21,0,77,200,26,51,51,5,23,22,42,10,21,48,0,3,3,14,22,36,8,11,2,3,13,11,24,23,5,0,1
,16,26,14,13,0,69,200,17,39,44,6,18,33,40,17,25,68,0,10,2,10,29,39,15,3,1,2,11,12,23,24,16,0,0
,18,11,23,13,0,65,200,22,48,46,3,17,18,38,12,17,71,0,4,4,16,17,33,18,7,2,2,13,9,22,22,10,0,0
K,18,21,19,16,0,74,200,20,34,59,5,24,21,43,19,24,79,0,4,3,12,21,33,16,6,1,7,10,12,22,22,11,0,1
,15,15,7,20,0,57,200,14,30,47,7,29,24,36,8,22,36,0,5,2,11,23,34,18,9,1,1,5,9,14,22,18,0,0
,14,17,20,27,0,78,200,30,50,60,3,18,17,49,9,10,90,0,12,0,9,26,35,21,16,0,3,12,10,22,14,16,0,1
,22,17,14,24,0,77,200,22,45,49,9,26,35,44,6,8,75,0,6,3,9,19,28,16,11,0,1,5,11,16,13,11,0,0
,25,24,23,24,0,96,200,23,36,64,13,34,38,51,11,11,100,0,8,2,8,27,35,25,7,0,4,4,9,13,16,15,0,1
,15,24,12,18,0,69,200,15,38,39,11,29,38,39,6,9,67,0,2,2,5,22,27,19,5,1,1,7,10,17,11,14,0,0
Y,27,23,20,15,0,85,200,23,45,51,10,22,45,49,9,12,75,2,9,1,10,28,38,29,9,0,3,5,6,11,17,11,0,1
,25,12,21,25,0,83,200,22,35,63,10,31,32,48,9,12,75,0,3,0,10,24,34,27,7,0,4,7,9,16,18,10,0,1
,18,21,19,11,0,69,200,21,56,38,6,17,35,37,9,14,64,0,2,1,19,20,39,14,5,0,3,7,11,18,16,10,0,0
,16,17,10,23,0,66,200,18,45,40,6,23,26,35,12,17,71,0,5,2,21,22,43,10,10,1,4,1,11,12,12,10,0,1
,14,15,19,11,0,59,200,14,27,52,10,25,40,46,1,2,50,0,3,3,4,21,25,19,6,1,1,8,4,12,12,15,0,0
,22,31,18,13,0,84,200,24,41,59,8,22,36,51,12,23,52,0,13,0,11,38,49,25,13,0,2,7,12,19,22,14,0,1
,18,2,8,16,0,44,200,16,33,48,1,34,3,25,9,13,69,0,3,2,10,22,32,10,12,1,2,12,10,22,19,16,0,0
,12,5,13,18,0,48,200,13,34,38,6,31,19,29,4,9,44,0,1,2,10,11,21,7,2,2,0,8,13,21,14,8,0,0
Y,31,24,25,24,0,104,200,27,42,61,13,31,42,55,11,14,79,1,7,1,17,35,52,25,5,2,5,5,9,14,21,8,0,1
,17,18,21,16,0,72,200,23,41,56,7,24,29,46,5,9,56,0,8,1,8,25,33,18,7,1,6,7,13,20,17,10,0,1
,17,18,14,17,0,67,200,14,37,36,10,27,37,38,9,14,64,0,4,2,11,26,37,19,5,2,2,6,11,17,20,14,0,0
,18,18,25,12,0,73,200,28,55,51,2,10,20,46,11,16,69,0,10,1,12,25,37,17,10,1,6,8,8,16,21,16,0,1
K,14,16,21,14,0,65,200,20,42,48,5,28,18,36,10,15,67,0,9,3,15,21,36,13,7,2,8,10,11,21,16,17,0,0
,19,18,27,19,0,83,200,26,40,65,5,26,19,47,16,20,80,0,5,2,8,24,32,11,11,1,4,5,11,16,19,13,0,1
,11,18,13,31,0,73,200,21,41,51,8,34,24,39,7,9,78,0,4,3,16,23,39,17,6,1,0,11,8,19,16,15,0,0
,16,14,22,12,0,64,200,20,52,38,6,21,29,36,6,11,55,0,3,6,14,20,34,17,10,0,3,10,11,21,16,12,0,0
,22,17,9,22,0,70,200,20,45,44,5,21,24,38,15,19,79,0,5,1,19,30,49,20,8,2,6,6,10,16,21,14,0,1
,14,10,16,17,0,57,200,14,34,41,8,33,24,33,5,8,63,0,7,4,8,17,25,14,9,2,2,8,9,17,17,13,0,0
,17,20,20,24,0,81,200,27,45,60,6,21,29,50,9,14,64,0,11,5,11,28,39,20,9,1,3,4,13,17,17,17,0,1
Y,32,20,12,17,0,81,200,21,37,57,11,39,28,42,6,7,86,0,4,1,19,25,44,18,9,0,2,5,6,11,14,12,0,1
,25,22,14,9,0,70,200,20,40,50,8,25,32,43,6,9,67,0,6,4,10,22,32,18,5,0,4,4,10,14,11,13,0,0
K,23,14,18,17,0,72,200,25,45,56,5,23,22,44,7,11,64,1,3,5,18,19,37,17,9,1,5,9,10,19,16,11,0,1
,24,16,11,10,0,61,200,16,38,42,6,21,29,37,11,17,65,0,4,0,16,16,32,18,6,0,3,6,10,16,19,14,0,0
,15,13,20,11,0,59,200,17,37,46,5,26,19,35,10,13,77,0,5,5,12,18,30,16,10,3,6,4,11,15,20,11,0,0
,16,22,11,17,0,66,200,25,58,43,3,17,18,37,7,8,88,0,5,8,24,27,51,18,6,2,1,7,13,20,15,16,0,1
,28,9,8,11,0,56,200,20,40,50,3,20,15,38,7,10,70,0,1,2,10,15,25,12,0,3,0,8,8,16,19,14,0,0
K,16,29,25,29,0,99,200,38,53,72,4,16,25,61,11,14,79,0,10,0,9,26,35,28,7,1,4,7,12,19,16,9,0,1
,32,19,20,9,0,80,200,19,32,59,13,36,36,47,3,7,43,0,5,1,7,14,21,25,10,1,1,8,12,20,15,14,0,0
,24,18,25,25,0,92,200,26,42,62,11,24,46,56,7,13,54,1,9,3,15,24,39,30,7,2,4,4,11,15,20,17,0,1
Y,24,26,28,22,0,100,200,35,48,73,8,25,32,59,6,11,55,1,9,3,9,30,39,25,7,0,4,6,7,13,18,11,0,1
,12,12,22,6,0,52,200,20,56,36,2,16,13,31,6,10,60,0,6,2,11,21,32,9,6,1,0,7,11,18,13,14,0,0
,25,17,27,16,0,85,200,31,54,57,5,18,28,50,8,12,67,0,10,3,18,33,51,24,12,0,5,7,10,17,15,15,0,1
,17,12,2,7,0,38,200,9,31,29,4,23,17,24,8,14,57,0,3,6,6,17,23,11,9,3,1,7,8,15,17,17,0,0
,26,11,22,20,0,79,200,19,41,46,7,26,27,39,20,29,69,0,3,3,19,24,43,22,10,2,3,11,12,23,24,13,0,1
,13,12,27,18,0,70,200,24,47,51,3,19,16,41,13,20,65,0,4,1,14,22,36,18,9,0,4,15,9,24,23,13,0,0
,19,16,17,26,0,78,200,21,56,38,6,22,27,35,18,22,82,0,5,2,20,18,38,12,6,2,2,12,10,22,20,9,0,0
,26,22,22,24,0,94,200,28,50,56,6,16,38,52,20,23,87,4,6,1,13,24,37,26,6,0,6,13,7,20,22,10,1,1
,20,20,24,16,0,80,200,26,50,52,6,26,23,42,10,15,67,0,13,3,16,37,53,18,9,0,3,11,13,24,16,12,0,1
,20,6,13,21,0,60,200,10,32,31,8,31,26,29,16,22,73,0,2,4,10,19,29,9,7,2,5,8,8,16,24,9,0,0
,23,11,9,13,0,56,200,17,34,50,5,29,17,35,7,9,78,0,2,1,19,24,43,18,8,3,3,5,16,21,17,14,0,1
,5,21,7,7,0,40,200,8,23,35,6,28,21,27,6,10,60,0,4,0,5,19,24,11,6,3,4,4,13,17,21,15,0,0
,26,21,12,19,0,78,200,20,37,54,9,25,36,47,11,23,48,0,5,1,11,34,45,23,6,0,7,11,13,24,19,16,0,1
,15,16,12,26,0,69,200,19,50,38,6,22,27,35,13,21,62,1,7,5,12,24,36,19,8,3,5,12,7,19,24,8,0,0
,29,11,23,16,0,79,200,23,46,50,7,21,33,45,12,15,80,1,7,6,8,23,31,16,8,2,3,8,8,16,19,7,0,1
,21,12,15,18,0,66,200,21,42,50,6,27,22,39,6,12,50,0,2,0,13,29,42,11,6,0,2,9,10,19,16,15,0,0
,21,19,16,17,0,73,200,17,34,50,6,23,26,40,21,34,62,0,8,0,22,29,51,19,5,2,5,6,12,18,28,22,0,0
,10,16,18,37,0,81,200,17,35,49,13,34,38,43,8,11,73,0,4,3,3,18,21,23,12,1,4,18,10,28,18,9,0,1
,9,14,13,19,0,55,200,14,40,35,7,30,23,30,6,9,67,0,3,3,13,22,35,13,11,2,3,12,13,25,18,17,0,0
,12,16,17,20,0,65,200,20,41,49,4,23,17,38,13,22,59,0,7,3,13,26,39,14,13,2,6,5,13,18,25,17,0,1
,21,17,24,9,0,71,200,29,46,63,1,18,6,47,10,13,77,0,7,5,12,27,39,24,9,0,4,7,11,18,20,19,0,0
,23,16,14,19,0,72,200,24,26,52,5,29,17,39,9,14,64,0,5,1,16,18,34,29,9,2,2,8,12,20,18,12,0,1
,13,7,15,19,0,54,200,6,23,26,11,28,39,33,9,14,64,0,1,4,6,17,23,13,7,1,5,10,9,19,19,20,0,0
,28,15,18,18,0,79,200,24,52,46,5,24,21,38,16,20,80,1,6,2,23,29,52,18,13,1,4,7,12,19,19,15,0,1
